3.651456661497812e-08,7.053268931883936e-07
1.41354097950684e-07,7.629261538572461e-07
1.533917629264688e-07,5.729252786162501e-07
-1.8895833038948268e-08,5.449027818071986e-07
-9.595327961272944e-08,7.408878616601121e-07
-4.953609070710613e-09,9.169330798598899e-07
1.7647041887412397e-07,9.598986839981713e-07
3.5916703963696916e-07,8.450884165062778e-07
3.7329927654925656e-07,6.718500251757428e-07
3.092726129864642e-07,5.545014760735623e-07
-3.5287619047619045e-07,-2.36152380952381e-07
-2.051161667222059e-07,5.68224661642678e-07
-2.2875289288597647e-07,6.858428998863389e-07
-2.523911312173884e-07,7.936488608408763e-07
-1.7939830397942686e-07,9.6266670993319e-07
-2.6061553799496123e-08,1.0932673038132766e-06
1.772124726409122e-07,1.0854399861266264e-06
3.73455153247515e-07,9.649562829468364e-07
5.218765771651269e-07,6.852848085238805e-07
5.642322306981499e-07,4.926075175455714e-07
4.789724341391808e-07,2.8726956119899414e-07
4.789214859100809e-07,9.200823786568605e-08
3.908285785783067e-07,4.0482656059183226e-08
3.086528255534024e-07,4.8049680929242644e-08
2.6653186064866875e-07,1.5786556503979517e-07
1.5489130735771653e-07,1.6931179605714683e-07
8.50004184554303e-08,4.530928143087473e-07
1.2127351548565822e-07,4.992923150194251e-07
1.757805100596159e-07,5.486933777621583e-07
3.523368620926863e-07,6.819744340177788e-07
5.493533749930568e-07,7.309614204993582e-07
7.408028316826467e-07,7.046892967051326e-07
8.811316501440522e-07,6.445128022199462e-07
1.028874010130313e-06,5.466587606591219e-07
1.077508836047885e-06,3.919013670708685e-07
1.1131562959560842e-06,1.3231079152721581e-07
1.0780703474299414e-06,-6.550265791167612e-08
9.491031789825246e-07,-2.8122521142428354e-07
7.616711117572206e-07,-3.9972593666576607e-07
7.184292938832777e-07,-4.814736813059881e-07
5.123361087417772e-07,-4.739462495847365e-07
2.0627719226437073e-07,-4.218175972071881e-07
-5.050187478908938e-10,-3.843312423450359e-07
-2.0597919779410956e-07,-2.493175984103551e-07
-2.7635277195635944e-07,-8.712022162092364e-08
-2.7564789815560367e-07,1.3281438486224987e-07
-2.381680319739957e-07,3.085311443594406e-07
-9.014749869871651e-07,-2.1137082053355823e-07
-5.150715604707918e-08,5.226804108632107e-07
2.2949024480756803e-07,5.984545194314435e-07
3.900656338499501e-07,6.149691963112518e-07
5.605056076100643e-07,6.074120397657397e-07
7.191280498675539e-07,5.336938437345817e-07
8.215784006741305e-07,4.5991559691213703e-07
9.76206200641825e-07,3.3808808798378e-07
1.069635842215413e-06,1.905174045648579e-07
1.0948060710535888e-06,9.361402128983741e-08
1.0704762472993807e-06,-2.0779475024040675e-07
9.733009573386608e-07,-3.533617445731056e-07
9.180533543599238e-07,-5.438525609253245e-07
7.859565888776616e-07,-6.54249910558648e-07
5.554724082956068e-07,-7.004655661092427e-07
4.2395950490015715e-07,-7.279616280160214e-07
2.1886684229946882e-07,-7.060505035151869e-07
3.007485334836999e-08,-5.992361092667415e-07
-9.110647637112276e-08,-3.9780592037809365e-07
-2.58427055968764e-07,-2.2614950690334206e-07
-3.80062383918615e-07,-2.240700692910889e-08
-4.067385437985832e-07,1.8433694958917732e-07
-3.8304755696144275e-07,5.024736791801855e-07
-3.4796705022053064e-07,6.751009222182885e-07
-2.4909372631808414e-07,8.362726304499968e-07
-9.95686638940714e-09,9.477962568989369e-07
1.661653087109522e-07,1.0675490101290258e-06
3.2470238843040494e-07,1.0975014648203598e-06
5.268108608678692e-07,1.1079807955616325e-06
8.057226495006042e-07,1.1417892159485968e-06
9.179352238755467e-07,9.687324323195439e-07
9.770615344087772e-07,8.10068861108516e-07
1.1215940512730706e-06,7.051272748229763e-07
1.2180284536389572e-06,6.593577517236743e-07
1.2714380875720719e-06,5.136809248665806e-07
1.2773714876009577e-06,2.7825420152377514e-07
1.2532743037804856e-06,1.468005087301833e-07
1.2536351111220627e-06,-6.481367393369164e-08
1.1574856623060616e-06,-2.3011929453794028e-07
1.0620850364299756e-06,-3.8102364971560155e-07
8.067476469761012e-07,-5.262279073491072e-07
7.136089661533663e-07,-5.770258327967931e-07
5.488936601464951e-07,-5.786043115462915e-07
3.1963834578399263e-07,-5.384670976274269e-07
-6.37498856846306e-09,-4.5831669427198494e-07
-2.703730615361801e-08,-3.553597292289843e-07
-1.8702739477312797e-07,-1.8004210518659432e-07
-3.870157775679086e-07,4.666104564269108e-08
-4.160806069739308e-07,2.6605320354674177e-07
-4.6988740752637444e-07,4.970223684363969e-07
-4.742534723746025e-07,7.761617654471898e-07
-4.644555640203148e-07,8.547586937711841e-07
-4.035401963980776e-07,1.0932341096924822e-06
-2.392882798809513e-07,1.1162327497710512e-06
-7.305014287370729e-08,1.2333568819757583e-06
7.64965779614507e-08,1.3790245237537312e-06
2.827888496636186e-07,1.4849038606429958e-06
3.8992320441841285e-07,1.4885908464330213e-06
5.90161719911024e-07,1.4762583766390698e-06
9.008829968668758e-07,1.4178408822877818e-06
1.159903229380424e-06,1.3796610813194935e-06
1.2919188208582777e-06,1.3178288483095147e-06
1.4408104099465204e-06,1.153584628863299e-06
1.4755593805926371e-06,9.729602955961106e-07
8.959779009198611e-07,2.8815939534388334e-07
1.591392912534558e-06,5.806386876071667e-07
1.577074717855412e-06,3.969711957413801e-07
1.5559679970112205e-06,-3.574573566617824e-08
1.5049152838278543e-06,-2.5723739727402344e-07
1.3136936193286137e-06,-4.7048177655158134e-07
1.180354276664119e-06,-5.848812738000842e-07
1.0804639572171323e-06,-6.904612819195049e-07
9.564770568950081e-07,-9.142167982698322e-07
6.789217315107442e-07,-9.203461012380671e-07
4.540679949186379e-07,-9.0662630173511e-07
2.814690454885605e-07,-8.822732136036734e-07
4.3190971597993005e-08,-8.442574305240835e-07
-1.6924059946892882e-07,-7.803130886043894e-07
-2.3669349618635028e-07,-6.842014594210729e-07
-3.6995305567242575e-07,-4.3688716325276154e-07
-4.377462353693347e-07,-3.3688954438985685e-07
-5.164060736245796e-07,-2.3672930306838202e-07
-5.852513777148005e-07,5.615768402698421e-08
-5.979230519880414e-07,2.64451102130116e-07
-5.768086963439658e-07,5.055103957366289e-07
-5.071453669140815e-07,5.779915489432608e-07
-4.076992459272911e-07,7.73057327469841e-07
-3.5280985768696204e-07,1.0458523725059563e-06
-2.454421027114827e-07,1.1613195496776565e-06
-2.822974396029369e-08,1.3078658601914145e-06
4.908849509553498e-08,1.3800210818338612e-06
3.1511143844211424e-07,1.4357168746664429e-06
4.76432241591192e-07,1.4375175104717292e-06
7.669654191573407e-07,1.3868067678005957e-06
9.763855975673904e-07,1.3541489798508317e-06
1.264412758336258e-06,1.2704840625560724e-06
1.4261669359101056e-06,1.1007906088626278e-06
1.5902934674204718e-06,9.566992693242451e-07
1.7952732213078676e-06,8.321238077978506e-07
1.837264937255035e-06,7.312416131020764e-07
1.9011816896656583e-06,6.107124746632968e-07
1.918518661229705e-06,3.5359937706359524e-07
1.928690443772185e-06,1.984084582434767e-07
1.8737263076925826e-06,-2.089204741360743e-08
1.8041229485792615e-06,-2.0252745207072063e-07
1.7765589846145145e-06,-3.958461938266862e-07
1.6580508391069118e-06,-5.642315428612484e-07
1.5329577149924364e-06,-6.940247980410458e-07
1.3348356850790882e-06,-8.423902213651275e-07
1.1717120099609188e-06,-9.29924740538464e-07
9.828344372845826e-07,-9.896067329936112e-07
7.389037749076381e-07,-1.0406079045626297e-06
5.640346766358395e-07,-1.0408826446520222e-06
2.6941737532617343e-07,-9.641580938102731e-07
4.041599440791242e-08,-8.748597165505509e-07
-1.382875530719372e-07,-8.008803941321565e-07
-3.2543774148369143e-07,-6.479737451875708e-07
-4.0332322357648303e-07,-5.082892855029875e-07
-4.962486160549124e-07,-2.6370805993863016e-07
-6.12154021023772e-07,-1.1368121458775216e-07
-6.729592729509309e-07,1.1029085553600873e-07
-6.620884780572591e-07,3.5077889174867656e-07
-6.569826197701526e-07,5.896504364130141e-07
-5.905286505229577e-07,6.875966497354707e-07
-5.65549501080913e-07,7.58118949131571e-07
-4.2170274962231324e-07,8.344759271619606e-07
-3.448222970046572e-07,9.883771933988173e-07
-1.458171561329047e-07,1.1223562962343572e-06
3.7897778540180864e-08,1.172572611568868e-06
2.88087081938903e-07,1.2733949658679689e-06
5.326781517156569e-07,1.3642475229703571e-06
8.565018649960276e-07,1.3613268753407734e-06
1.1520965841388919e-06,1.3691610365039885e-06
1.3087233097048826e-06,1.3499887083901028e-06
1.3983107496038734e-06,1.2633177446736561e-06
1.5507978896184682e-06,1.208564051012392e-06
1.7253597570318047e-06,1.1466719606167466e-06
1.9361339193624745e-06,9.910205492753283e-07
2.0879407695842824e-06,8.198732358390204e-07
2.2022476248812444e-06,5.897174496748539e-07
2.2602735288391287e-06,3.606106343475144e-07
2.258127516211522e-06,1.1752065126722115e-07
2.2622774548232276e-06,-1.229158263551834e-07
2.2476644197446714e-06,-2.9803996345319567e-07
2.212572708350713e-06,-4.871017152542513e-07
2.0749003353987944e-06,-6.489095684823459e-07
2.019000243885886e-06,-7.496832758129937e-07
1.9130377026410632e-06,-9.075672410722987e-07
1.8536628888977901e-06,-1.12531760472283e-06
1.7410010007938551e-06,-1.2130175401588303e-06
1.531894688587952e-06,-1.289838339378975e-06
1.290633056076951e-06,-1.2526765376450668e-06
1.0626754470834132e-06,-1.287448760430218e-06
8.726203595764035e-07,-1.8119212906497699e-06
5.313619748233621e-07,-1.7319995909573735e-06
4.220616256365769e-07,-1.8843127399076429e-06
3.6161481319081536e-07,-1.8363115552160872e-06
2.8383822059809143e-07,-1.680312147117717e-06
-7.587111037959053e-08,-1.0657594801443209e-06
-2.1983366617828907e-07,-9.740128798436303e-07
-3.776958931740005e-07,-8.241842535352137e-07
-4.850659415092577e-07,-6.959386765944758e-07
-6.020932699737722e-07,-5.106316803122841e-07
-6.230449030180013e-07,-3.8732332163966714e-07
-6.560038924876503e-07,-4.885355949720394e-08
-6.52016877402238e-07,2.9075534203817824e-08
-6.219110473437857e-07,1.3525021782467354e-07
-5.564171749656793e-07,2.8380369481580067e-07
-4.793351479808254e-07,4.6642490021902213e-07
-3.669128142344735e-07,4.785998662744102e-07
-2.4283681769271235e-07,6.316417447294193e-07
-1.1299426293547696e-08,7.779743600195106e-07
1.9841450145977045e-07,7.707813823193733e-07
5.333272424667636e-07,8.095975336546966e-07
7.76878646205755e-07,8.78401909120735e-07
1.0001719805830382e-06,9.2363734847126e-07
1.1210672247852682e-06,9.227375213756004e-07
1.2869692272414071e-06,8.775080062824828e-07
1.4314194367288832e-06,8.306813080404232e-07
1.6373043288312127e-06,8.043817343590877e-07
1.804527606360728e-06,6.879753595999373e-07
1.931757228407602e-06,6.158236711485163e-07
2.0810074685703925e-06,5.348608539939442e-07
2.163989204910118e-06,4.1579430015998703e-07
2.284912841439272e-06,2.4320807438915904e-07
2.37152940201324e-06,2.0613656659194863e-07
2.399655824392882e-06,-1.996778693092108e-08
2.4065537776465435e-06,-3.165016687715688e-07
2.43735518559421e-06,-4.6601138821904694e-07
2.3802251833956835e-06,-6.372216118959375e-07
2.3179690574120476e-06,-7.963541253727383e-07
2.316780857440549e-06,-1.008985390102007e-06
2.2468472019065326e-06,-1.2052371677721736e-06
2.0745645496952557e-06,-1.4050355674591053e-06
1.915109152715141e-06,-1.579141158847619e-06
1.8085080263843745e-06,-1.6228705685543377e-06
1.711009617723546e-06,-1.7609631187074294e-06
1.4452088149323376e-06,-1.852869346164109e-06
1.2731105559318273e-06,-1.907860489087561e-06
9.001487877716789e-07,-1.956212280444826e-06
7.666010774626879e-07,-1.963236242000096e-06
5.056741705702868e-07,-1.9633499087303695e-06
3.589767783465272e-07,-1.919295857515777e-06
8.814811423033836e-08,-1.862784178779091e-06
-1.0949336793298243e-07,-1.7854932301201142e-06
-1.9353654617948317e-07,-1.6823471674130248e-06
-3.5839186608806074e-07,-1.6177326684806858e-06
-3.7865118499719143e-07,-1.4406654593668337e-06
-6.010961013412505e-07,-1.2426639812839793e-06
-6.779687942843167e-07,-1.1887928556002486e-06
-7.55821144731243e-07,-1.0877521775341568e-06
-7.931082330098136e-07,-8.777298061437214e-07
-8.076467046048802e-07,-7.77793459454161e-07
-7.98695467865227e-07,-5.764266626202826e-07
-7.810283622277431e-07,-4.384637239983548e-07
-7.169934268328957e-07,-1.9871212707621202e-07
-6.327729391443861e-07,-7.111944299160603e-08
-5.244534667968121e-07,6.170664162842798e-08
-4.019311804209272e-07,1.8271704920370952e-07
-1.98675838656467e-07,1.8295258788155377e-07
1.7315729902209994e-08,3.6375632732298117e-07
1.3306776943301454e-07,5.189586969781933e-07
3.8637801750903255e-07,5.980735338517257e-07
5.706074279122745e-07,6.301771174156563e-07
8.131492287719727e-07,6.538370675494659e-07
1.0930564394630962e-06,6.803058396212124e-07
1.2579645201690992e-06,6.726157627828013e-07
1.406903733628713e-06,6.267153094711411e-07
1.5461217041023066e-06,5.559506189734209e-07
1.57734827118128e-06,4.3314202895677737e-07
1.89932531948596e-06,3.8314931161789246e-07
2.0559055047042703e-06,1.4301457159101797e-07
2.1581304019628704e-06,5.588553286951148e-08
2.1379402279326614e-06,-7.188557802544699e-08
2.342668056090671e-06,-2.4893825685433673e-07
2.485051115973674e-06,-3.417704749444829e-07
2.557781798595829e-06,-6.007526032618006e-07
2.57067454406774e-06,-7.736902722052637e-07
2.58789719838137e-06,-1.0189521409471005e-06
2.593340568245907e-06,-1.2216614801254226e-06
2.5426452996700883e-06,-1.4843868555451123e-06
2.4731725831364706e-06,-1.6952106423149014e-06
2.412078559142213e-06,-1.9164292749721017e-06
2.297509462178258e-06,-2.0795713710630624e-06
2.2407167332254353e-06,-2.2501914785559995e-06
2.1429360385068225e-06,-2.406482531902864e-06
1.972100743340804e-06,-2.579752262656771e-06
1.80350128945946e-06,-2.6673880288527723e-06
1.7359032330521458e-06,-2.762807365882533e-06
1.6452135973232723e-06,-2.8427552210710472e-06
1.4698884272516448e-06,-2.9738189648163115e-06
1.2548241869270194e-06,-2.905531000635149e-06
1.167204540933465e-06,-2.92178287450308e-06
1.0248854019176683e-06,-2.885606954149819e-06
7.405699126329385e-07,-2.8721817236153975e-06
6.348177241533543e-07,-2.823344188415816e-06
7.62313554716681e-07,-2.9296501035851545e-06
3.085657365980775e-07,-2.720197288390349e-06
4.3378174041409153e-08,-2.6115210132713235e-06
-8.414882858863829e-08,-2.3889198868718807e-06
-2.0742697193750482e-07,-2.2117190509261723e-06
-3.013271146379794e-07,-2.062653492852297e-06
-3.7626516820888226e-07,-1.8743031079481324e-06
-3.9018431544425904e-07,-1.6023569429311331e-06
-4.411928850260149e-07,-1.3271885019025565e-06
-4.860237370820034e-07,-1.1741390850028402e-06
-4.83623288035076e-07,-1.0123942518154037e-06
-4.6936443108881447e-07,-7.795725134566646e-07
-4.099468068229216e-07,-7.465286538864157e-07
-3.577803757642521e-07,-5.456060034827679e-07
-2.1854665485805557e-07,-4.6092951402245195e-07
-7.12184836609012e-08,-3.9258777217696113e-07
3.508085578702646e-08,-1.4244677118309472e-07
2.332607980003033e-07,8.921997420699313e-09
4.3477655770697206e-07,7.829542244063589e-08
5.121906945710552e-07,2.393205367942777e-07
6.282522051756196e-07,3.3487272972665467e-07
7.880344493937644e-07,3.739673199655027e-07
9.362178837130347e-07,3.5685088570873306e-07
1.1028288793240313e-06,3.868816942628589e-07
1.2175422767769393e-06,3.908952319116238e-07
1.2241032355146823e-06,3.6542374106882123e-07
1.3420794205960591e-06,3.3746389177637053e-07
1.5213079765020695e-06,2.477159406887594e-07
1.6959564442509336e-06,1.4153425182469442e-07
1.8686520738919285e-06,-8.433241959112521e-09
1.9704800625641234e-06,-3.037752412384899e-07
2.0800652303795958e-06,-2.466106443368143e-07
2.2260961870304928e-06,-3.664187840255855e-07
2.321933516651488e-06,-5.092555423153705e-07
2.311726015608255e-06,-7.605308533886094e-07
2.4327401185455973e-06,-9.932336097281077e-07
2.464251444861114e-06,-1.2616441353443202e-06
2.4891491125017983e-06,-1.4552486941051103e-06
2.496378584398931e-06,-1.585043695073427e-06
2.5006212998855354e-06,-1.7959797152283652e-06
2.399422533542543e-06,-1.952304016448912e-06
2.3236952715563293e-06,-2.145366478340549e-06
2.204035430718637e-06,-2.4577613770077207e-06
2.0669997603636493e-06,-2.689982363362736e-06
1.9252324319414693e-06,-2.8154141120936523e-06
1.7808752778388468e-06,-2.9186204669208208e-06
1.5876714407185338e-06,-3.0907175958370446e-06
1.4671523105275435e-06,-3.124009706178795e-06
1.216618589128807e-06,-3.02924263153377e-06
1.1864119887506502e-06,-3.2034218146052955e-06
8.809545130006134e-07,-3.2954989401505347e-06
6.985289395878055e-07,-3.3266003385416083e-06
5.256856728021837e-07,-3.3537223998638485e-06
3.6490580073391303e-07,-3.3538214347713645e-06
2.7851072665116993e-07,-3.3289645419049482e-06
3.639753195397074e-08,-3.3004863243872304e-06
-1.4816343486034432e-07,-3.246825562688237e-06
-3.6561920091601936e-07,-3.2165893698276907e-06
-6.596474604022936e-07,-3.0613120593130075e-06
-9.481378565731268e-07,-2.912779176120557e-06
-1.0662814726113666e-06,-2.7777110665089595e-06
-1.29257844551678e-06,-2.702985160680323e-06
-1.3956178334936796e-06,-2.5519049825248082e-06
-1.4888257527500954e-06,-2.233796043170581e-06
-1.5767135951671104e-06,-2.0730245564120456e-06
-1.5999352150112711e-06,-1.93581213320102e-06
-1.6175347167408312e-06,-1.6849983438230246e-06
-1.6291490647267584e-06,-1.5144709035994883e-06
-1.6329134127041715e-06,-1.3648890376491171e-06
-1.5787541535315018e-06,-1.177573767929051e-06
-1.5685954164637806e-06,-9.68235971990649e-07
-1.4892880061865478e-06,-7.516469056599173e-07
-1.4104266988356172e-06,-5.324093919571334e-07
-1.395999680202036e-06,-3.364730441378987e-07
-1.355214145600229e-06,-2.4432099493712995e-07
-1.1403128249566194e-06,-1.558756237665683e-07
-9.339938946150142e-07,3.5224416405069603e-08
-7.795777658380291e-07,4.804628664023521e-08
-4.801983985636406e-07,9.009636264864729e-08
-3.286215432563127e-07,1.4678369026696283e-07
-7.680887571046144e-08,1.7192107587288037e-07
4.984843988462916e-08,2.424477889590249e-07
2.5225402762745363e-07,2.4454352795044034e-07
5.031753284278375e-07,2.4290524062996857e-07
5.738213224346407e-07,1.9674166841215105e-07
8.001670249732379e-07,1.8405061950611146e-07
9.821953141185582e-07,1.1938293663470636e-07
1.146569094454118e-06,5.3169100855138394e-08
1.4351504920570655e-06,-6.509592094670571e-08
1.5341735119648745e-06,-1.1177954180027313e-07
1.6638079026136221e-06,-2.345688581789782e-07
1.814792448325783e-06,-3.2099288182254966e-07
1.979433451570545e-06,-4.826258183804442e-07
2.060391306821225e-06,-6.159590346234861e-07
2.1200119169092014e-06,-8.118331273328265e-07
2.184586738382803e-06,-9.205054176950014e-07
2.212089009666757e-06,-9.874497534906127e-07
2.2418665996928286e-06,-1.1835038503844718e-06
2.2800371385603547e-06,-1.4185391728356682e-06
2.2573921443099997e-06,-1.746521444936291e-06
2.2202853403137786e-06,-2.0812716897740212e-06
2.199457747624994e-06,-2.0882375596903295e-06
2.1514244717740668e-06,-2.4513037432537785e-06
2.0721344579671435e-06,-2.592871143848025e-06
1.947728328702804e-06,-2.8343751362528617e-06
1.8483656026479445e-06,-2.920897020501292e-06
1.6256222661807298e-06,-3.062088521173513e-06
1.4954914283506265e-06,-3.2522283634605636e-06
1.4255510735115853e-06,-3.2914156631359375e-06
1.3024155649533696e-06,-3.4071961552429196e-06
1.1084565749130213e-06,-3.4834546298349897e-06
7.985445326843118e-07,-3.5242498468124078e-06
6.657051670077571e-07,-3.5966926473681996e-06
5.288136861780125e-07,-3.645166802398153e-06
3.3508750591456357e-07,-3.6424844711297785e-06
-8.775907560591037e-09,-3.6315695845149807e-06
-2.5531203956005433e-07,-3.660103828242547e-06
-4.085493724221734e-07,-3.5943382708759385e-06
-6.839842016577748e-07,-3.5318368449463052e-06
-9.055272921454718e-07,-3.542479840235724e-06
-1.088146898972881e-06,-3.375396564097779e-06
-1.11647385290588e-06,-3.3282808576688433e-06
-1.2109384247850348e-06,-3.1675397938879823e-06
-1.3653195175807796e-06,-3.094484324548016e-06
-1.5179260352606539e-06,-2.8881372161387663e-06
-1.5958449483451482e-06,-2.891583433119172e-06
-1.7216880214512039e-06,-2.8716838094328177e-06
-1.707961404971356e-06,-2.5932249956408305e-06
-1.746234318225393e-06,-2.4332655083683847e-06
-1.806565262198607e-06,-2.22244309944238e-06
-1.8191132561754757e-06,-1.978215448246685e-06
-1.8181841477127914e-06,-1.8219957136275147e-06
-1.783520297659024e-06,-1.4976735216604992e-06
-1.7172899501397952e-06,-1.3983400351576336e-06
-1.69687421244141e-06,-1.1542485539281772e-06
-1.6625536101236819e-06,-9.839437609540574e-07
-1.5667762338528813e-06,-8.032813119179284e-07
-1.4667016868467522e-06,-5.490025865267672e-07
-1.402089945550295e-06,-3.897178081090355e-07
-1.2658836647971963e-06,-2.2065007802689703e-07
-1.0753167985929945e-06,-1.3718563352003025e-07
-9.362453636367453e-07,-3.5690752916368694e-08
-8.739397433418559e-07,5.450488525874428e-08
-6.296382462894911e-07,1.1277969334339173e-07
-4.1580244067069404e-07,1.6069145351380576e-07
-1.1184642333620743e-07,1.7718257895013603e-07
1.4513428967691064e-07,2.3817222472162097e-07
3.421118096639981e-07,2.0489412019015725e-07
5.756105786169847e-07,1.829546882844674e-07
8.535659536091619e-07,1.2935629642843792e-07
1.1177222697906573e-06,8.63369326484746e-08
1.2741855041970088e-06,4.8357627635151115e-08
1.5451052285706664e-06,3.5365351232714714e-08
1.7010358295418634e-06,-3.9562767818711054e-08
1.8814920956040011e-06,-3.780979741074566e-08
2.0659884848999187e-06,-9.412032652899034e-08
2.2493950146279376e-06,-2.1871307660072182e-07
2.3752040434906643e-06,-2.4157510134015296e-07
2.521154372268564e-06,-4.476036130074885e-07
2.608851743946286e-06,-5.925972063706323e-07
2.6436976647964674e-06,-6.559323065166223e-07
2.7040837619828203e-06,-7.706875377558802e-07
2.786516836424797e-06,-1.124217669515961e-06
2.80564366263173e-06,-1.3667963070369027e-06
2.8147187687094373e-06,-1.493604231115096e-06
2.7941358898206167e-06,-1.5251693206158145e-06
2.696588070033881e-06,-1.7258124475341978e-06
2.6387700397439748e-06,-2.0978502302284032e-06
2.5847732094742227e-06,-2.265589631251777e-06
2.5324229872328093e-06,-2.5314182534217187e-06
2.4481218663952334e-06,-2.681308587736152e-06
2.298640935223672e-06,-2.855487336346683e-06
2.141345371581176e-06,-2.950719569181885e-06
1.9221537210585293e-06,-3.0540531752179977e-06
1.7824882458079016e-06,-3.1759371481930376e-06
1.5857081456143135e-06,-3.2245767786473833e-06
1.557693879416001e-06,-3.3020694234505617e-06
1.1691408252469244e-06,-3.387040810791627e-06
8.745393095605465e-07,-3.3830647144791093e-06
5.687935757871322e-07,-3.4576315186096464e-06
3.694248625002733e-07,-3.4769222978467187e-06
-8.583395553724876e-08,-3.5059715437385697e-06
-2.165254951236339e-07,-3.5243381232462145e-06
-4.065894573963436e-07,-3.4534219470389495e-06
-6.302822924474547e-07,-3.3731560904904506e-06
-7.965890638366123e-07,-3.302509849829576e-06
-8.455690968672875e-07,-3.2487008499501473e-06
-9.73300628212643e-07,-3.149727724857371e-06
-1.0920758063909485e-06,-3.085208442184568e-06
-1.281752390323592e-06,-2.927673842045511e-06
-1.459255345887961e-06,-2.7894322201674054e-06
-1.5268166622163684e-06,-2.581055691813119e-06
-1.6424111983399288e-06,-2.400082139806403e-06
-1.7035271704830726e-06,-2.250489494513255e-06
-1.7506376367861346e-06,-2.0503087427645805e-06
-1.8104539366927557e-06,-1.8695837394666292e-06
-1.8485266753464285e-06,-1.6312901233245957e-06
-1.856079041565872e-06,-1.3942638727047784e-06
-1.8588350477693626e-06,-1.2499600054755393e-06
-1.8739113063824143e-06,-1.0319618766794185e-06
-1.8356067386039927e-06,-9.508339446064875e-07
-1.8059399200356143e-06,-7.686062883346146e-07
-1.7369048504234615e-06,-5.452169302660887e-07
-1.650222069176666e-06,-3.291286085864299e-07
-1.6094684575819583e-06,-1.6816498831161456e-07
-1.4737582735461212e-06,5.458046102791832e-08
-1.3618456192334038e-06,2.1944079629374622e-07
-1.2255505425882798e-06,4.0701317883563827e-07
-1.0386056905959031e-06,5.719854991632152e-07
-8.718742689439251e-07,7.076826960846121e-07
-8.392022941502725e-07,8.03939464795027e-07
-6.421072796615663e-07,9.728787603404677e-07
-5.507008469618928e-07,1.026242375105156e-06
-4.277691257481436e-07,1.0932584228351797e-06
-1.3823280457992515e-07,1.0729611739698375e-06
4.067322866643036e-08,1.164597675300459e-06
1.2242302131654985e-07,1.1664416427077045e-06
2.4477473550380843e-07,1.1624739311475143e-06
5.168698993215263e-07,1.1318455583852704e-06
7.55027933639198e-07,1.0857757594735176e-06
9.114400938988833e-07,1.0398519503377677e-06
1.0942316958467131e-06,9.971311573989536e-07
1.2241223718911892e-06,8.603609094212778e-07
1.5299775407363723e-06,7.196500520689583e-07
1.643983334710214e-06,6.191648697417936e-07
1.8846281236868986e-06,4.1520018767714636e-07
1.9543598584136894e-06,1.3749667086432277e-07
2.078720676957498e-06,1.406219969994546e-07
2.2354455631964905e-06,-1.5862321425287292e-09
2.2375559816941463e-06,-2.1672398455147162e-07
2.3019066951608437e-06,-3.582131631259708e-07
2.3128859257383353e-06,-4.553340368012033e-07
2.3491195533678827e-06,-7.482048852072717e-07
2.3739449449606673e-06,-9.438628047517911e-07
2.38837065387117e-06,-1.0840518102169656e-06
2.3768919208146665e-06,-1.257855708892969e-06
2.3558298991503442e-06,-1.483651371372483e-06
2.313750716372752e-06,-1.6402370279039033e-06
2.2639242164163233e-06,-1.7942710888236106e-06
2.1661500742022885e-06,-1.7668915017704435e-06
2.046841018749942e-06,-2.0139902775883168e-06
1.9953036547998648e-06,-2.1847489556774445e-06
1.9005199442618412e-06,-2.3020539570737818e-06
1.811023198589417e-06,-2.4662560852804537e-06
1.6862800634282188e-06,-2.651921476139757e-06
1.477502529715803e-06,-2.805312065994104e-06
1.138292499162308e-06,-2.8440660026826308e-06
1.0195235446035355e-06,-2.9184900769466657e-06
7.967002118075581e-07,-2.9759844266867904e-06
6.842822079123582e-07,-3.040266496417824e-06
5.536060735019052e-07,-3.0876034914921507e-06
4.726281944334468e-07,-3.129477240083882e-06
3.7321181547232697e-07,-3.12082645619476e-06
9.392834035618432e-08,-3.125700126898498e-06
-1.8860527210648723e-07,-3.133452447575414e-06
-4.305561826839627e-07,-3.0733804126518115e-06
-7.238786484819547e-07,-3.00384547672562e-06
-8.767064696067085e-07,-2.927920047528594e-06
-1.074108535822559e-06,-2.8645176778117726e-06
-1.2335500826672118e-06,-2.681134017735961e-06
-1.4248732356746119e-06,-2.5261448285531555e-06
-1.5255801146303015e-06,-2.4343797843510417e-06
-1.6561846731017123e-06,-2.214987788217104e-06
-1.7546701876858587e-06,-2.0835729570844296e-06
-1.8354655178562897e-06,-1.906492881330324e-06
-1.931174401844754e-06,-1.7820434619905678e-06
-2.0496598190306614e-06,-1.6813720570310817e-06
-2.1181377801717363e-06,-1.3261790299738176e-06
-2.200576371274034e-06,-1.1234021262608662e-06
-2.263467511843838e-06,-9.543232332642635e-07
-2.275046254950769e-06,-6.858137832333154e-07
-2.2774435010902955e-06,-4.0299930931317813e-07
-2.268531737807447e-06,-2.4165352972646303e-07
-2.2433552169874487e-06,-3.54935212749989e-08
-2.1949289447240708e-06,1.282026460494479e-07
-2.1190439697328784e-06,3.177068416590268e-07
-1.9757870995893013e-06,4.3823678800943423e-07
-1.89056876440108e-06,6.588376461996651e-07
-1.7736095443022677e-06,1.043849133594175e-06
-1.6126341539156752e-06,1.2485531843569244e-06
-1.5576870259285721e-06,1.4052623018835645e-06
-1.3297208786983862e-06,1.49333574428101e-06
-1.178463130651119e-06,1.5754033122868877e-06
-1.0602728976883132e-06,1.662153900971787e-06
-9.87281376165842e-07,1.8530751747488458e-06
-8.815345645935149e-07,1.9801604922298707e-06
-6.094768877607921e-07,2.0981730310460305e-06
-2.977894819536532e-07,2.1256246589944814e-06
-1.230277641385735e-07,2.134281414364812e-06
1.9275344788770473e-07,2.1562954471889084e-06
5.239909662331526e-07,2.1669393437465304e-06
6.451765158143639e-07,2.1111012568093598e-06
8.765601316585331e-07,2.081505107518903e-06
1.0153029083050534e-06,2.050912844866197e-06
1.1344768630162524e-06,2.003414186909913e-06
1.1658575268887354e-06,1.90518529565048e-06
1.3813378175030985e-06,1.7952996552772433e-06
1.5428521734962488e-06,1.8308219803300788e-06
1.707955901117058e-06,1.6624905041757575e-06
1.7622146707570775e-06,1.5414318689488903e-06
1.941870430957327e-06,1.337043171780712e-06
2.1155215886658647e-06,1.1651260548412205e-06
2.2768079501279153e-06,1.0860670231537316e-06
2.3532707042404803e-06,8.875760148355205e-07
2.466962334416171e-06,7.571517491705067e-07
2.485859691016572e-06,5.121329893387245e-07
2.5186816390469524e-06,3.9208250442112014e-07
2.575365054018991e-06,1.601475389805945e-07
2.6093574499889407e-06,1.9287572887533317e-09
2.5916385145224246e-06,-2.8125548719809407e-07
2.5947358837925066e-06,-4.405529623300734e-07
2.5877501128162085e-06,-6.128344801324442e-07
2.543115958220984e-06,-9.000894169014771e-07
2.5380977342809116e-06,-1.146064275776624e-06
2.45601250679346e-06,-1.3740514434871217e-06
2.36032758940086e-06,-1.4372402233110384e-06
2.307490963666148e-06,-1.545190268891847e-06
2.431769776512124e-06,-1.3184005563087664e-06
2.069151840978622e-06,-2.0454994005638356e-06
2.684505203098474e-06,-1.6193654481509268e-06
2.5818385364318077e-06,-1.6340321148175934e-06
1.8177614986166534e-06,-2.3345468486846385e-06
1.6636682633801594e-06,-2.471243964526842e-06
1.4719233781031302e-06,-2.5255488847676e-06
1.2916591273753992e-06,-2.573247792660437e-06
1.206806599680508e-06,-2.641192953515484e-06
9.815265619810708e-07,-2.7136013211888208e-06
7.343455494686414e-07,-2.737142498747522e-06
5.97384751414371e-07,-2.7617514718303165e-06
3.8952739573777575e-07,-2.766558482803133e-06
1.8706633745229992e-07,-2.714825710649472e-06
4.716603365112323e-08,-2.734596386839751e-06
-1.0608189151794588e-07,-2.6934132096128786e-06
-1.8729566317908453e-07,-2.634694694829119e-06
-2.4934004205258145e-07,-2.5755367415954484e-06
-4.984016928171506e-07,-2.5293397568963327e-06
-5.791518949061595e-07,-2.460473134426873e-06
-6.942605261802427e-07,-2.39005226322854e-06
-9.195653728917749e-07,-2.2018913602056275e-06
-9.752478653655577e-07,-2.055046562544011e-06
-1.048678928181241e-06,-1.8881014158706926e-06
-1.1423159162582385e-06,-1.7501461624066213e-06
-1.2971410765056179e-06,-1.6059897204526806e-06
-1.3516990890475928e-06,-1.491554000728422e-06
-1.4296235427919984e-06,-1.3652771058957792e-06
-1.4807940997963003e-06,-1.3022334849946027e-06
-1.5504361437543925e-06,-8.749764391114286e-07
-1.5920516406425703e-06,-7.337463073784761e-07
-1.5920444342076078e-06,-5.098795307475947e-07
-1.5878100131997177e-06,-3.0539087892339653e-07
-1.589447627032553e-06,2.8561643205295895e-08
-1.5364525057212827e-06,1.814769643874189e-07
-1.5150620146684282e-06,3.7078977738555355e-07
-1.4529853872792836e-06,4.445746935453268e-07
-1.429220128318872e-06,6.255141342761329e-07
-1.3741975921564121e-06,7.739691266740014e-07
-1.3025277784682538e-06,8.364439714018902e-07
-1.165311921610989e-06,1.1051172280548448e-06
-1.0461350265254478e-06,1.264987129816086e-06
-8.319607441121769e-07,1.3465332774365032e-06
-7.352657603328348e-07,1.4531970590370826e-06
-5.738208459618038e-07,1.5945755040975647e-06
-2.2517659880026633e-07,1.7436807756268859e-06
-1.3876835020453608e-07,1.8162740811489022e-06
4.22356720822051e-08,1.8688708355327509e-06
2.948788932817099e-07,1.9076152348299366e-06
5.07489262997311e-07,2.026230193090083e-06
5.494541294078085e-07,2.0764358827296436e-06
7.509280305972266e-07,2.059740521450305e-06
8.599796341219165e-07,2.091465283216147e-06
1.0986073887893115e-06,2.086149487444717e-06
1.3277398042205455e-06,2.0704490827038336e-06
1.5093858824444313e-06,2.0176894974107535e-06
1.683090663302342e-06,1.9536473749061045e-06
1.6392855668788306e-06,1.8679473727654726e-06
1.8941322690134022e-06,1.7883045957689765e-06
1.908985111521953e-06,1.682022253885704e-06
2.4498523075021245e-06,1.797414959580309e-06
2.1511414566443258e-06,1.6313494855192784e-06
2.268077867158894e-06,1.4646789620282232e-06
2.36435128084688e-06,1.3583781811163264e-06
2.5078953511125227e-06,1.328614510241119e-06
2.6445080446243537e-06,1.1410515644165772e-06
2.8672912538056533e-06,8.513521748864387e-07
2.921630594291494e-06,7.323941988404293e-07
2.9739075231913446e-06,6.435158799165418e-07
3.024794220326297e-06,4.351405035537581e-07
3.074593994753087e-06,2.985443643153258e-07
3.096829099868162e-06,1.6701948092828695e-07
3.1206225017002125e-06,1.0359062591359509e-07
3.1031439511487456e-06,-1.0711407228962724e-07
3.099308432471549e-06,-2.3099694847373683e-07
3.0869885333160268e-06,-2.9793089547927717e-07
3.0621866809907906e-06,-5.532175293107632e-07
2.9858081591587546e-06,-7.275018768894042e-07
2.9700754228304097e-06,-8.613294876885913e-07
2.829332290103688e-06,-1.134535034190075e-06
2.647136432026796e-06,-1.343191134785902e-06
2.55740754545238e-06,-1.4954104959382577e-06
2.515705063810939e-06,-1.6860992848941843e-06
2.2704781184431208e-06,-1.8243207007371442e-06
2.125425779076773e-06,-1.8992999424335758e-06
1.9572447690015934e-06,-2.006702981388617e-06
1.9134556499823667e-06,-2.1661202120054303e-06
1.6914931375198934e-06,-2.2080466790750474e-06
1.649545380651468e-06,-2.3022789336743976e-06
1.4853938163813218e-06,-2.4197353616034794e-06
1.4337675857965178e-06,-2.4592912508211583e-06
1.3341280706809063e-06,-2.4904699731370312e-06
1.259407129909868e-06,-2.4954716257658113e-06
1.1286998764160135e-06,-2.473556902573653e-06
8.389641551297685e-07,-2.4901498774615792e-06
5.209971266975771e-07,-2.4621640390058407e-06
2.8894794459160287e-07,-2.44433038519884e-06
2.395914188209815e-09,-2.3874350041613815e-06
-1.2396607221516417e-07,-2.3620344468957613e-06
-3.541372302355011e-07,-2.253350500972708e-06
-5.255535364111292e-07,-2.1758670378874974e-06
-6.605694572287661e-07,-1.9746554785705737e-06
-7.426261184378725e-07,-1.8601123718107938e-06
-9.505089385397505e-07,-1.7952136806361178e-06
-1.1397602832388642e-06,-1.6518799111415973e-06
-1.1609729261274478e-06,-1.5410459957093825e-06
-1.3166146922026424e-06,-1.374822405728955e-06
-1.4046701410715352e-06,-1.1619218173757543e-06
-1.535871222639591e-06,-1.031450121087343e-06
-1.5846473756099735e-06,-7.799490113219175e-07
-1.700027176041593e-06,-5.25327183940137e-07
-1.7369323253263572e-06,-3.4007381387936215e-07
-1.763299625938066e-06,-1.2901534629419292e-07
-1.8099647743098262e-06,4.402943644890803e-08
-1.8420775651063786e-06,2.0926421788495197e-07
-1.8534162149211048e-06,3.643006125254299e-07
-1.84024800941088e-06,5.99517746731349e-07
-1.8061493546588771e-06,7.1102889560834e-07
-1.701231448266682e-06,9.321123108245254e-07
-1.6504136784742755e-06,1.2561928057783612e-06
-1.5811739471459544e-06,1.383747552019315e-06
-1.480642782259697e-06,1.4770266268192933e-06
-1.3355200005831107e-06,1.5791731011743787e-06
-1.233313635230274e-06,1.7907155533947189e-06
-1.0496047737599083e-06,1.9475432710247456e-06
-1.0280871053130687e-06,2.212638463017746e-06
-1.0383073638904917e-06,2.3901895120410282e-06
-8.254055401120988e-07,2.4949911406566444e-06
-7.51798325359368e-07,2.669529316202779e-06
-5.477259309520989e-07,2.692493956779622e-06
-4.680909607363358e-07,2.8117971829151256e-06
-2.198357809586524e-07,2.8594476215477016e-06
-2.719248276914078e-08,2.94007230626681e-06
1.61508954116414e-07,2.966630121517991e-06
2.1674276035732635e-07,2.991894806140821e-06
4.2428996238725427e-07,3.0011256248551028e-06
6.012112174716806e-07,3.0573578063791957e-06
8.461982402378815e-07,3.039275679021158e-06
1.0745722577438333e-06,3.0175899619862572e-06
1.1195975045891382e-06,2.9624625419568224e-06
1.2509916485809688e-06,2.8826792814544315e-06
1.4352201498664969e-06,2.6980223984828308e-06
1.535713715536269e-06,2.654858538512831e-06
1.7521957493708385e-06,2.6277105176746933e-06
1.9005508408022082e-06,2.582094627931203e-06
2.0387397697922907e-06,2.4880516308276537e-06
2.1141899013188737e-06,2.412486909859634e-06
2.259151311914766e-06,2.3171808381791803e-06
2.3570858777286213e-06,2.2315612139899733e-06
2.4406117450443084e-06,2.061812776575928e-06
2.5028094216191258e-06,1.996899320636251e-06
2.6103389287965256e-06,1.8679128217646679e-06
2.689450169759895e-06,1.6167648033398964e-06
2.707864981798657e-06,1.4357109168636459e-06
2.7913567838051875e-06,1.2573361968656334e-06
2.8551641975210416e-06,1.164174636351596e-06
2.878211135413041e-06,9.871691273277634e-07
2.8841741815047076e-06,8.771817909459817e-07
2.8755161387986175e-06,6.872698465958496e-07
2.8555434973510635e-06,5.506617743804806e-07
2.845800813120727e-06,4.0628323269964507e-07
2.777789410856688e-06,1.9490821590505595e-07
2.7399266154960186e-06,-3.702491056436327e-08
2.629405842722226e-06,-2.2872953393663816e-07
2.5740811863167977e-06,-4.392732109188946e-07
2.463705278935093e-06,-4.725036727163968e-07
2.2955400635036636e-06,-6.521459565661844e-07
2.2253817630689493e-06,-8.007367512683586e-07
2.2435090188371393e-06,-1.0791228603460344e-06
2.029030154084073e-06,-1.281096531195386e-06
1.8442178091445178e-06,-1.3427932814648317e-06
1.7502756185151484e-06,-1.5240426151386532e-06
1.6204370902724025e-06,-1.6727805682130173e-06
1.4226988623390229e-06,-1.7777577973746396e-06
1.175290554802803e-06,-1.8864719133321205e-06
1.0655421774978023e-06,-1.9529875896367248e-06
9.262832008861471e-07,-2.0279330169800802e-06
7.575608850898674e-07,-2.087983033482477e-06
5.641861625300809e-07,-2.1412898464311728e-06
3.8241066899741643e-07,-2.1367355932875275e-06
1.243727816502067e-07,-2.1290878010899453e-06
1.612075075351713e-07,-2.121720326895488e-06
8.119542165352268e-08,-2.086605952770243e-06
-2.06145258137803e-07,-2.0529232409775136e-06
-3.413567368233382e-07,-1.9923695049999047e-06
-3.963998768491171e-07,-1.943160654497737e-06
-5.099078119370734e-07,-1.8662317455751668e-06
-6.559434512822072e-07,-1.8466976508960562e-06
-8.293852897169889e-07,-1.7374027001957698e-06
-1.0313444326587682e-06,-1.5708998300330085e-06
-1.1908202500927756e-06,-1.3964945146852025e-06
-1.4261102042619938e-06,-1.3445357152462268e-06
-1.5503942623967468e-06,-1.1883673524173525e-06
-1.6610606301337912e-06,-1.0064387116662462e-06
-1.7395903033543976e-06,-9.075168913195005e-07
-1.7900243254796028e-06,-6.689077015941541e-07
-1.9136854196113673e-06,-5.293511109015736e-07
-2.051771669001053e-06,-4.0587191428529814e-07
-2.098495958485627e-06,-3.1651654944443295e-07
-2.16921389842388e-06,1.6016498328079137e-08
-2.1962198079570488e-06,1.7724884908292755e-07
-2.207348919518847e-06,3.4184575027436556e-07
-2.2151871513134277e-06,5.611930535778356e-07
-2.1953526487217012e-06,6.429088195881008e-07
-2.1613908294314484e-06,8.222985765015023e-07
-2.1366178636633154e-06,1.0474935209840053e-06
-2.0756129401030907e-06,1.251692218987529e-06
-2.001723237175895e-06,1.4067731695342497e-06
-1.9349879122007094e-06,1.601019673397697e-06
-1.8518139641605054e-06,1.8100298087353577e-06
-1.743572746516923e-06,2.0712438946988703e-06
-1.6564896614814034e-06,2.20426062278214e-06
-1.5428964218768243e-06,2.3402653676263395e-06
-1.4689556739726645e-06,2.3912325026777102e-06
-1.3814757858572574e-06,2.6121008154594553e-06
-1.2730469324777072e-06,2.699792862507225e-06
-1.1710634318799958e-06,2.805217810241784e-06
-1.0270771142139684e-06,2.8797584264121083e-06
-7.4764248453074e-07,2.946195052347319e-06
-6.243906774594915e-07,3.072652030023844e-06
-2.068103415860652e-07,3.1438471762207308e-06
-2.073116140302036e-07,3.1806580526374382e-06
-4.871084148023692e-08,3.2442311671016824e-06
3.8587444180031125e-08,3.2612205562777335e-06
2.4690666300794506e-07,3.2859179801187703e-06
4.882787515466605e-07,3.3023162663948995e-06
6.002777714763955e-07,3.296412806541387e-06
7.100985619424969e-07,3.2897166576883957e-06
8.788407680679112e-07,3.24177855243294e-06
1.1605268937944472e-06,3.1778691826679044e-06
1.3220545970096148e-06,3.0982185652040724e-06
1.1097161643242331e-06,2.881956795075165e-06
1.7119831075916467e-06,2.8183931646079835e-06
1.91099260784827e-06,2.7388935478292755e-06
1.9815416517759055e-06,2.6147827550418423e-06
2.1162706849021934e-06,2.5207749689234395e-06
2.1775911783526157e-06,2.4053857735210255e-06
2.233655271873029e-06,2.293684717028161e-06
2.293848622769929e-06,2.244708980123154e-06
2.437075480483393e-06,2.0985791864055223e-06
2.5134506076322705e-06,1.8769780052854773e-06
2.643722966785944e-06,1.7075167143360222e-06
2.700128922939e-06,1.4390913329599848e-06
2.7463965561248297e-06,1.2926783415388568e-06
2.843831650466874e-06,1.1705071126952445e-06
2.8796367372087166e-06,8.820812458981136e-07
2.8826492645308408e-06,7.618423664588335e-07
2.89526017539258e-06,6.551495824665792e-07
2.8994998710488903e-06,4.0928486366503456e-07
2.881578596480675e-06,3.236219364160344e-07
2.844897999034407e-06,1.1013934665730221e-07
2.7951320217957097e-06,-2.7467056715379726e-08
2.727530296657204e-06,-7.445527595820965e-08
2.603118073422369e-06,-3.2035154243691475e-07
2.5157420986925773e-06,-5.249377333945445e-07
2.2092743870821725e-06,3.9431881578221917e-08
2.307067795349933e-06,-9.184210233429883e-07
2.2341027179170524e-06,-1.051706372026667e-06
2.117657303134898e-06,-1.2323302090340885e-06
1.9448731354582214e-06,-1.444163431840983e-06
1.8228531919127126e-06,-1.6410631496283819e-06
1.6494638428670881e-06,-1.813176209488053e-06
1.4158903716491089e-06,-1.9082112301867005e-06
1.2609332457550563e-06,-2.12236613502838e-06
1.108065093954677e-06,-2.2079204588265097e-06
9.305768907328439e-07,-2.217378544743281e-06
7.532425370205906e-07,-2.3236376310871905e-06
5.450094825567318e-07,-2.310792108316601e-06
4.2855986086030457e-07,-2.3432959751607266e-06
1.6008706965945492e-07,-2.3827912684169905e-06
-5.977389785770356e-08,-2.399828060468736e-06
-3.4972711655184013e-07,-2.4318742236646423e-06
-4.332117411336479e-07,-2.4320692859813917e-06
-6.34760945384804e-07,-2.4333365138437086e-06
-8.882020951821426e-07,-2.388192804326722e-06
-1.0546971641548092e-06,-2.2622365021764257e-06
-1.2168164797651152e-06,-2.233176100339939e-06
-1.2330540157600512e-06,-2.1466699364951665e-06
-1.335128089583087e-06,-2.0917807081142964e-06
-1.4893388676437272e-06,-2.016178340942229e-06
-1.6797647702453879e-06,-1.90890664433441e-06
-1.8233397649303636e-06,-1.9231049878471886e-06
-1.9162625228091553e-06,-1.8186981017760895e-06
-1.968316764949019e-06,-1.6767226572137465e-06
-2.1406739540662476e-06,-1.560033617107233e-06
-2.243541258482793e-06,-1.408963088887123e-06
-2.376412996573279e-06,-1.2848375881342176e-06
-2.421319816196957e-06,-1.0114075503912706e-06
-2.5191086950874096e-06,-8.796361064151571e-07
-2.6218895245896763e-06,-6.765542500439008e-07
-2.678196234223157e-06,-5.667800114078722e-07
-2.7287386440628607e-06,-3.639937958030897e-07
-2.756605554551893e-06,-2.0541052896545683e-07
-2.8068166389898363e-06,4.132213971360346e-08
-2.832546932417573e-06,1.1541899702073267e-07
-2.8302022081325645e-06,3.6030862505483386e-07
-2.8193526354162653e-06,3.9114573218907605e-07
-2.7941323109709955e-06,5.079892896562135e-07
-2.711292248131173e-06,6.709801863011557e-07
-2.6671740902095643e-06,7.702065762937336e-07
-2.585366290293925e-06,8.595621250175824e-07
-2.535084078871415e-06,1.0486122174423896e-06
-2.3901689085111466e-06,1.2453688406777566e-06
-2.2616897623309466e-06,1.400211092047538e-06
-2.12900924443877e-06,1.5975881025989878e-06
-1.9992174666037247e-06,1.6805361959755574e-06
-1.8597355722991403e-06,1.8302332593026679e-06
-1.7340915213960757e-06,1.922606337140126e-06
-1.5605694700848576e-06,1.9912323306783724e-06
-1.4688917313821908e-06,2.171745899378034e-06
-1.396245735127168e-06,2.1652792877301655e-06
-1.333640878906183e-06,2.3173779092593287e-06
-1.1594695166582874e-06,2.3731669894431113e-06
-1.0875606168617997e-06,2.419798106669714e-06
-9.957263862936892e-07,2.5048740761983035e-06
-7.524101195886382e-07,2.601405817398336e-06
-5.218971487220979e-07,2.629896189622293e-06
-3.638288328456657e-07,2.6426881886304734e-06
-3.7279801509679956e-07,2.6564249085994145e-06
-1.4848595025658439e-07,2.6439052102904394e-06
1.1901552409989586e-07,2.6277954497165445e-06
1.4174288348891517e-07,2.606836239693077e-06
2.9250482123345443e-07,2.5728013816544113e-06
4.88824397278329e-07,2.4935942243121756e-06
6.856906163428907e-07,2.4260523071822707e-06
5.691778827174401e-07,2.812336047817693e-06
6.797037386162038e-07,2.7701573938726897e-06
1.0892644693428381e-06,2.766963726835434e-06
1.3191824378391072e-06,2.7492846282671303e-06
1.465849104505774e-06,2.4946179616004634e-06
1.6569602156168852e-06,2.3719512949337967e-06
1.8564792483043737e-06,2.240948279605683e-06
1.8884792483043736e-06,2.0905482796056832e-06
1.9476792483043738e-06,1.8537482796056832e-06
2.5936680719334745e-06,1.0513262580284099e-06
2.6407090954782725e-06,8.111453438862731e-07
2.700562178859953e-06,6.901994639327127e-07
2.7744127868608375e-06,5.056660426221799e-07
2.8143790017515504e-06,4.3866637776179484e-07
2.894357181593302e-06,3.1128243327736184e-07
2.890774603774104e-06,1.4415150833207622e-07
